12/12/2017 6:13,66
12/12/2017 6:07,52
12/12/2017 6:01,71
12/12/2017 5:55,54
12/12/2017 5:49,47
12/12/2017 5:43,50
12/12/2017 5:38,57
12/12/2017 5:32,54
12/12/2017 4:57,60
12/12/2017 4:51,57
12/12/2017 4:46,58
12/12/2017 4:39,56
12/12/2017 4:33,58
12/12/2017 4:28,60
12/12/2017 4:22,54
12/12/2017 4:17,59
12/12/2017 4:11,58
12/12/2017 4:06,60
12/12/2017 4:00,62
12/12/2017 3:54,59
12/12/2017 3:49,61
12/12/2017 3:44,60
12/12/2017 3:38,57
12/12/2017 3:32,63
12/12/2017 3:27,61
12/12/2017 3:21,61
12/12/2017 3:16,57
12/12/2017 3:10,58
12/12/2017 3:04,87
12/12/2017 2:58,56
12/12/2017 2:52,57
12/12/2017 2:47,58
12/12/2017 2:41,57
12/12/2017 2:35,58
12/12/2017 2:30,58
12/12/2017 2:23,79
12/12/2017 2:18,59
12/12/2017 2:09,74
12/12/2017 2:01,87
12/12/2017 1:53,98
